year,zone, Proc, Prok, Picoeuk, Prym, GreenAlgae, Diat, Dino, PicoPlankton, NanoPlankton, MicroPlankton, SDP, C
2008,1,8.2724,3.4405,0.028197,6.6263,5.2937,0.96116,0.057103,3.4679,11.92,1.0032,16.391,21.102
2009,1,7.6047,4.0552,0.17917,6.4931,10.96,1.0648,0.087978,4.2325,16.968,1.1285,22.197,24.434
2011,1,7.4109,5.7006,0.4848,10.183,6.9777,1.7031,0.33627,6.1727,17.032,2.0317,24.98,29.733
2008,2,8.2172,3.7209,0.026272,20.297,6.9033,2.7101,0.68012,3.7466,27.2,3.3868,34.333,38.281
2009,2,5.8092,4.5598,0.36904,11.688,7.1458,2.0281,0.25711,4.6585,18.76,2.2777,25.703,29.093
2011,2,3.847,3.6641,0.34335,15.633,5.6686,3.7032,0.4585,4.0054,21.301,4.1606,29.467,32.702
