year,zone, Proc, Prok, Picoeuk, Prym, GreenAlgae, Diat, Dino, PicoPlankton, NanoPlankton, MicroPlankton, SDP, C
2008,1,8.2724,3.4405,5.3211,1.3677,5.2937,0.96116,0.057103,8.7616,6.6263,1.0032,16.391,21.102
2009,1,7.6047,4.0552,11.137,2.5121,10.96,1.0648,0.087978,15.192,6.4931,1.1285,22.197,24.434
2011,1,7.4109,5.7006,7.1691,3.8285,6.9777,1.7031,0.33627,12.84,10.183,2.0317,24.98,29.733
2008,2,8.2172,3.7209,6.929,13.393,6.9033,2.7101,0.68012,10.65,20.297,3.3868,34.333,38.281
2009,2,5.8092,4.5598,7.2222,7.9023,7.1458,2.0281,0.25711,11.772,11.688,2.2777,25.703,29.093
2011,2,3.847,3.6641,6.0098,9.975,5.6686,3.7032,0.4585,9.674,15.633,4.1606,29.467,32.702
